
--Customer Table
INSERT INTO customer(Password,Email,Address,Phone_Num) VALUES ('passJohn92!','john.doe@email.com','123 Elm St, Springfield, IL','2175550198');
INSERT INTO customer(Password,Email,Address,Phone_Num) VALUES ('lilyPass#8','lily.chan@email.com','45 Sunset Blvd, Los Angeles, CA','3102221455');
INSERT INTO customer(Password,Email,Address,Phone_Num) VALUES ('mkpass123','mike.k@email.net','88 7th Ave, New York, NY','9173337890');
INSERT INTO customer(Password,Email,Address,Phone_Num) VALUES ('sunnyDay!7','sunny.g@email.org','10 Beach Rd, Miami, FL','3051114466');
INSERT INTO customer(Password,Email,Address,Phone_Num) VALUES ('rose*2022','rose.j@email.com','812 Oak St, Madison, WI','6081234567');
INSERT INTO customer(Password,Email,Address,Phone_Num) VALUES ('passBen#34','ben.r@email.net','300 Maple Ave, Denver, CO','7207778888');
INSERT INTO customer(Password,Email,Address,Phone_Num) VALUES ('jane_PW2023','jane.t@email.com','50 Capitol St, Austin, TX','5123459090');
INSERT INTO customer(Password,Email,Address,Phone_Num) VALUES ('tommy!rocks','tom.h@email.org','600 Cedar Ln, Nashville, TN','6157891234');
INSERT INTO customer(Password,Email,Address,Phone_Num) VALUES ('safe!Nina42','nina.v@email.com','45 King St, Boston, MA','6174562233');
INSERT INTO customer(Password,Email,Address,Phone_Num) VALUES ('dan@secure1','dan.p@email.org','7 River Rd, Portland, OR','5031119999');
INSERT INTO customer(Password,Email,Address,Phone_Num) VALUES ('leoLeo88!','leo.z@email.net','120 Pine St, Seattle, WA','2062238765');
INSERT INTO customer(Password,Email,Address,Phone_Num) VALUES ('sara_L0ve','sara.k@email.com','900 Lakeview, Chicago, IL','3129876543');
INSERT INTO customer(Password,Email,Address,Phone_Num) VALUES ('passMart!','martin.b@email.org','31 North Rd, Phoenix, AZ','6023211212');
INSERT INTO customer(Password,Email,Address,Phone_Num) VALUES ('#AlexPass2024','alex.c@email.net','17 Union St, Atlanta, GA','4048887777');
INSERT INTO customer(Password,Email,Address,Phone_Num) VALUES ('catDad!45','ethan.p@email.com','999 Forest Dr, Boise, ID','2084443210');
INSERT INTO customer(Password,Email,Address,Phone_Num) VALUES ('bizPass123!','info@acmeinc.com','101 Tech Park, San Jose, CA','4085551122');
INSERT INTO customer(Password,Email,Address,Phone_Num) VALUES ('secureCo#88','contact@globex.org','909 Market Rd, Dallas, TX','2147894321');
INSERT INTO customer(Password,Email,Address,Phone_Num) VALUES ('netBizPass!','help@initech.com','15 Silicon Ln, Palo Alto, CA','6502223344');
INSERT INTO customer(Password,Email,Address,Phone_Num) VALUES ('bizPW2025','support@soylent.biz','80 Green Way, Portland, ME','2071237788');
INSERT INTO customer(Password,Email,Address,Phone_Num) VALUES ('fast!shop2022','service@umbrella.co','345 Rainy St, Seattle, WA','2066547788');

 
 --Goods Table
INSERT INTO goods (price, name, vendor) VALUES (19.99,'Wireless Mouse','LogiTech Supplies');
INSERT INTO goods (price, name, vendor) VALUES (129.95,'Mechanical Keyboard','KeyMasters Inc.');
INSERT INTO goods (price, name, vendor) VALUES (299,'Noise-Cancel Headset','AudioPro');
INSERT INTO goods (price, name, vendor) VALUES (49.5,'Webcam HD','VisionTech');
INSERT INTO goods (price, name, vendor) VALUES (15,'USB Hub','Connectix Ltd.');
INSERT INTO goods (price, name, vendor) VALUES (9.99,'Mouse Pad','DeskGear Co.');
INSERT INTO goods (price, name, vendor) VALUES (59.99,'Wireless Charger','PowerPlus Inc.');
INSERT INTO goods (price, name, vendor) VALUES (25.75,'HDMI Cable','CableMax');
INSERT INTO goods (price, name, vendor) VALUES (34.9,'Bluetooth Adapter','TechGadgetz');
INSERT INTO goods (price, name, vendor) VALUES (75.25,'SSD 256GB','SpeedStorage Inc.');
INSERT INTO goods (price, name, vendor) VALUES (139,'Portable Monitor','DisplayX');
INSERT INTO goods (price, name, vendor) VALUES (55,'Gaming Mouse','ProGaming Gear');
INSERT INTO goods (price, name, vendor) VALUES (84.99,'Laptop Stand','ErgoRise');
INSERT INTO goods (price, name, vendor) VALUES (12.45,'Ethernet Cable','NetConnect');
INSERT INTO goods (price, name, vendor) VALUES (18.9,'Phone Tripod','SnapShooters');
INSERT INTO goods (price, name, vendor) VALUES (99.99,'Smartwatch Band','WristTech');
INSERT INTO goods (price, name, vendor) VALUES (220,'Graphics Tablet','CreativeTools');
INSERT INTO goods (price, name, vendor) VALUES (45,'Cooling Pad','ChillZone');
INSERT INTO goods (price, name, vendor) VALUES (67.89,'LED Desk Lamp','BrightLife');
INSERT INTO goods (price, name, vendor) VALUES (23.45,'Cable Organizer','TidyTech');
INSERT INTO goods (price, name, vendor) VALUES (14.99,'Notebook Set','PaperWorld');
INSERT INTO goods (price, name, vendor) VALUES (39.99,'External HDD Case','DriveSafe');
INSERT INTO goods (price, name, vendor) VALUES (89,'HD Projector','ViewMaster');
INSERT INTO goods (price, name, vendor) VALUES (109.99,'Gaming Headset','AudioForge');
INSERT INTO goods (price, name, vendor) VALUES (59,'USB-C Hub','NextPort');
INSERT INTO goods (price, name, vendor) VALUES (33.33,'Wireless Presenter','SlideEasy');
INSERT INTO goods (price, name, vendor) VALUES (45.55,'Anti-glare Filter','VisionGuard');
INSERT INTO goods (price, name, vendor) VALUES (28.4,'Power Bank 10000mAh','ChargeMate');
INSERT INTO goods (price, name, vendor) VALUES (15.6,'Laptop Sleeve','BagTech');
INSERT INTO goods (price, name, vendor) VALUES (5.99,'Screen Wipes','CleanEdge');
INSERT INTO goods (price, name, vendor) VALUES (14.49,'USB Light','GlowTech');
INSERT INTO goods (price, name, vendor) VALUES (299.99,'4K Monitor','PixelView');
INSERT INTO goods (price, name, vendor) VALUES (179.49,'Router Dual-Band','SpeedNet');
INSERT INTO goods (price, name, vendor) VALUES (69.99,'Digital Pen','WriteSmart');
INSERT INTO goods (price, name, vendor) VALUES (199,'Mini PC','ComputeLite');
INSERT INTO goods (price, name, vendor) VALUES (89.5,'HD Webcam','FaceCam Pro');
INSERT INTO goods (price, name, vendor) VALUES (22.95,'Laptop Lock','SecureTech');
INSERT INTO goods (price, name, vendor) VALUES (49.99,'Portable Speaker','SoundGo');
INSERT INTO goods (price, name, vendor) VALUES (27.5,'Document Scanner','ScanQuick');
INSERT INTO goods (price, name, vendor) VALUES (12,'Stylus Pen','TouchWrite');
INSERT INTO goods (price, name, vendor) VALUES (18.8,'Headphone Stand','HoldIt');
INSERT INTO goods (price, name, vendor) VALUES (7.75,'USB Fan','CoolGear');
INSERT INTO goods (price, name, vendor) VALUES (66,'Wi-Fi Extender','SignalBoost');
INSERT INTO goods (price, name, vendor) VALUES (44.99,'USB Microphone','VoiceCast');
INSERT INTO goods (price, name, vendor) VALUES (59.9,'External DVD Drive','DiskXpress');
INSERT INTO goods (price, name, vendor) VALUES (59.99,'Computer Repair','TechFix Services');
INSERT INTO goods (price, name, vendor) VALUES (120,'Data Recovery','ByteBack');
INSERT INTO goods (price, name, vendor) VALUES (35,'Laptop Cleaning','CleanTech');
INSERT INTO goods (price, name, vendor) VALUES (200,'Network Setup','HomeNet Pro');
INSERT INTO goods (price, name, vendor) VALUES (80,'Software Install','InstallIt Co.');


--Purchase Table
INSERT INTO purchase (Price, Amount, Customer_ID, Product_ID) VALUES (19.99, 1, 101, 1);
INSERT INTO purchase (Price, Amount, Customer_ID, Product_ID)VALUES (129.95, 1, 102, 2);
INSERT INTO purchase (Price, Amount, Customer_ID, Product_ID)VALUES (49.5, 1, 101, 4);
INSERT INTO purchase (Price, Amount, Customer_ID, Product_ID)VALUES (59.99, 1, 116, 46);
INSERT INTO purchase (Price, Amount, Customer_ID, Product_ID)VALUES (120, 1, 116, 47);
INSERT INTO purchase (Price, Amount, Customer_ID, Product_ID)VALUES (35, 1, 117, 48);
INSERT INTO purchase (Price, Amount, Customer_ID, Product_ID)VALUES (200, 1, 118, 49);
INSERT INTO purchase (Price, Amount, Customer_ID, Product_ID)VALUES (80, 1, 119, 50);
INSERT INTO purchase (Price, Amount, Customer_ID, Product_ID)VALUES (15, 1, 106, 5);
INSERT INTO purchase (Price, Amount, Customer_ID, Product_ID)VALUES (299, 1, 115, 3);
INSERT INTO purchase (Price, Amount, Customer_ID, Product_ID)VALUES (80, 1, 120, 50);
INSERT INTO purchase (Price, Amount, Customer_ID, Product_ID)VALUES (59.99, 1, 115, 46);
INSERT INTO purchase (Price, Amount, Customer_ID, Product_ID)VALUES (120, 1, 116, 47);
INSERT INTO purchase (Price, Amount, Customer_ID, Product_ID)VALUES (84.99, 1, 115, 13);
INSERT INTO purchase (Price, Amount, Customer_ID, Product_ID)VALUES (35, 1, 119, 48);


--individual
INSERT ALL
 INTO individual(ID,First_Name,Last_Name,Role) VALUES (101,'John','Doe','manager')
 INTO individual(ID,First_Name,Last_Name,Role) VALUES (102,'Lily','Chan','manager')
 INTO individual(ID,First_Name,Last_Name,Role) VALUES (103,'Mike','Koster','manager')
 INTO individual(ID,First_Name,Last_Name,Role) VALUES (104,'Sunny','Graham','customer')
 INTO individual(ID,First_Name,Last_Name,Role) VALUES (105,'Rose','James','customer')
 INTO individual(ID,First_Name,Last_Name,Role) VALUES (106,'Ben','Richards','customer')
 INTO individual(ID,First_Name,Last_Name,Role) VALUES (107,'Jane','Turner','customer')
 INTO individual(ID,First_Name,Last_Name,Role) VALUES (108,'Tommy','Henson','customer')
 INTO individual(ID,First_Name,Last_Name,Role) VALUES (109,'Nina','Valdez','customer')
 INTO individual(ID,First_Name,Last_Name,Role) VALUES (110,'Dan','Park','customer')
 INTO individual(ID,First_Name,Last_Name,Role) VALUES (111,'Leo','Zhang','customer')
 INTO individual(ID,First_Name,Last_Name,Role) VALUES (112,'Sara','Kim','customer')
 INTO individual(ID,First_Name,Last_Name,Role) VALUES (113,'Martin','Brooks','customer')
 INTO individual(ID,First_Name,Last_Name,Role) VALUES (114,'Alex','Choi','customer')
 INTO individual(ID,First_Name,Last_Name,Role) VALUES (115,'Ethan','Price','customer')
SELECT 1 FROM dual;

--business
INSERT ALL
 INTO business(ID,Company_Name) VALUES (116,'Acme Inc.')
 INTO business(ID,Company_Name) VALUES (117,'Globex Corporation')
 INTO business(ID,Company_Name) VALUES (118,'Initech')
 INTO business(ID,Company_Name) VALUES (119,'Soylent Industries')
 INTO business(ID,Company_Name) VALUES (120,'Umbrella Co.')
SELECT 1 FROM dual;

--item
INSERT ALL
 INTO item(product_ID,stock) VALUES (1,'120')
 INTO item(product_ID,stock) VALUES (2,'80')
 INTO item(product_ID,stock) VALUES (3,'50')
 INTO item(product_ID,stock) VALUES (4,'200')
 INTO item(product_ID,stock) VALUES (5,'300')
 INTO item(product_ID,stock) VALUES (6,'150')
 INTO item(product_ID,stock) VALUES (7,'75')
 INTO item(product_ID,stock) VALUES (8,'250')
 INTO item(product_ID,stock) VALUES (9,'400')
 INTO item(product_ID,stock) VALUES (10,'90')
 INTO item(product_ID,stock) VALUES (11,'130')
 INTO item(product_ID,stock) VALUES (12,'95')
 INTO item(product_ID,stock) VALUES (13,'85')
 INTO item(product_ID,stock) VALUES (14,'330')
 INTO item(product_ID,stock) VALUES (15,'220')
 INTO item(product_ID,stock) VALUES (16,'45')
 INTO item(product_ID,stock) VALUES (17,'60')
 INTO item(product_ID,stock) VALUES (18,'135')
 INTO item(product_ID,stock) VALUES (19,'100')
 INTO item(product_ID,stock) VALUES (20,'40')
 INTO item(product_ID,stock) VALUES (21,'300')
 INTO item(product_ID,stock) VALUES (22,'180')
 INTO item(product_ID,stock) VALUES (23,'75')
 INTO item(product_ID,stock) VALUES (24,'88')
 INTO item(product_ID,stock) VALUES (25,'144')
 INTO item(product_ID,stock) VALUES (26,'56')
 INTO item(product_ID,stock) VALUES (27,'34')
 INTO item(product_ID,stock) VALUES (28,'260')
 INTO item(product_ID,stock) VALUES (29,'310')
 INTO item(product_ID,stock) VALUES (30,'500')
 INTO item(product_ID,stock) VALUES (31,'210')
 INTO item(product_ID,stock) VALUES (32,'70')
 INTO item(product_ID,stock) VALUES (33,'66')
 INTO item(product_ID,stock) VALUES (34,'38')
 INTO item(product_ID,stock) VALUES (35,'48')
 INTO item(product_ID,stock) VALUES (36,'84')
 INTO item(product_ID,stock) VALUES (37,'73')
 INTO item(product_ID,stock) VALUES (38,'91')
 INTO item(product_ID,stock) VALUES (39,'67')
 INTO item(product_ID,stock) VALUES (40,'59')
 INTO item(product_ID,stock) VALUES (41,'86')
 INTO item(product_ID,stock) VALUES (42,'177')
 INTO item(product_ID,stock) VALUES (43,'99')
 INTO item(product_ID,stock) VALUES (44,'103')
 INTO item(product_ID,stock) VALUES (45,'65')
SELECT 1 FROM dual;

--service
INSERT ALL
 INTO service(Product_ID,Duration_Days) VALUES (46,3)
 INTO service(Product_ID,Duration_Days) VALUES (47,5)
 INTO service(Product_ID,Duration_Days) VALUES (48,5)
 INTO service(Product_ID,Duration_Days) VALUES (49,2)
 INTO service(Product_ID,Duration_Days) VALUES (50,1)
SELECT 1 FROM dual;

--bank_account
INSERT INTO bank_account(Routing_ID,Bank_Name,Balance,Customer_ID) VALUES ('112293344','Palmeri Express',5000,116);
INSERT INTO bank_account(Routing_ID,Bank_Name,Balance,Customer_ID) VALUES ('221134456','Palpal',12000.5,116);
INSERT INTO bank_account(Routing_ID,Bank_Name,Balance,Customer_ID) VALUES ('363415973','Jeffy Banks',8700.75,117);
INSERT INTO bank_account(Routing_ID,Bank_Name,Balance,Customer_ID) VALUES ('498765431','Ephrata National Bank',2300,118);
INSERT INTO bank_account(Routing_ID,Bank_Name,Balance,Customer_ID) VALUES ('543210987','USA Bank',16000.99,119);
INSERT INTO bank_account(Routing_ID,Bank_Name,Balance,Customer_ID) VALUES ('600998012','Panda Bank',1025.25,120);
INSERT INTO bank_account(Routing_ID,Bank_Name,Balance,Customer_ID) VALUES ('778990123','Palmeri Express',705.3,115);


-- credit_card
INSERT ALL
 INTO credit_card(Card_Num,Security_Code,Network,Interest,Balance,Credit_Score,Customer_ID) VALUES ('4111111111111111',123,'Visa','15%',1500,720,101)
 INTO credit_card(Card_Num,Security_Code,Network,Interest,Balance,Credit_Score,Customer_ID) VALUES ('5555555555554444',456,'Mastercard','18%',2300.75,690,102)
 INTO credit_card(Card_Num,Security_Code,Network,Interest,Balance,Credit_Score,Customer_ID) VALUES ('3782822463100050',789,'Amex','12%',900.25,750,103)
 INTO credit_card(Card_Num,Security_Code,Network,Interest,Balance,Credit_Score,Customer_ID) VALUES ('6011111111111117',321,'Discover','20%',3000,670,104)
 INTO credit_card(Card_Num,Security_Code,Network,Interest,Balance,Credit_Score,Customer_ID) VALUES ('4007000000027123',654,'Visa','17%',1100.5,730,105)
 INTO credit_card(Card_Num,Security_Code,Network,Interest,Balance,Credit_Score,Customer_ID) VALUES ('4012888888881881',987,'Visa','14%',850,710,106)
 INTO credit_card(Card_Num,Security_Code,Network,Interest,Balance,Credit_Score,Customer_ID) VALUES ('5105105105105100',111,'Mastercard','19%',600.3,680,107)
 INTO credit_card(Card_Num,Security_Code,Network,Interest,Balance,Credit_Score,Customer_ID) VALUES ('6011000990139424',222,'Discover','16%',1230.8,700,108)
 INTO credit_card(Card_Num,Security_Code,Network,Interest,Balance,Credit_Score,Customer_ID) VALUES ('3530111333300000',333,'JCB','13%',980,705,109)
 INTO credit_card(Card_Num,Security_Code,Network,Interest,Balance,Credit_Score,Customer_ID) VALUES ('3566002020360505',444,'JCB','14%',455.9,695,110)
 INTO credit_card(Card_Num,Security_Code,Network,Interest,Balance,Credit_Score,Customer_ID) VALUES ('4000123412341234',112,'Visa','15%',760.5,710,111)
 INTO credit_card(Card_Num,Security_Code,Network,Interest,Balance,Credit_Score,Customer_ID) VALUES ('5000123412341234',113,'Mastercard','17%',1430.1,690,112)
 INTO credit_card(Card_Num,Security_Code,Network,Interest,Balance,Credit_Score,Customer_ID) VALUES ('6000123412341234',114,'Discover','18%',1340.9,675,113)
 INTO credit_card(Card_Num,Security_Code,Network,Interest,Balance,Credit_Score,Customer_ID) VALUES ('3000123412341234',115,'Amex','12%',2100,740,114)
 INTO credit_card(Card_Num,Security_Code,Network,Interest,Balance,Credit_Score,Customer_ID) VALUES ('4001123412341234',116,'Visa','16%',890.75,700,115)
 INTO credit_card(Card_Num,Security_Code,Network,Interest,Balance,Credit_Score,Customer_ID) VALUES ('5001123412341234',117,'Mastercard','19%',1770,725,115)
 INTO credit_card(Card_Num,Security_Code,Network,Interest,Balance,Credit_Score,Customer_ID) VALUES ('6001123412341234',118,'Discover','20%',500,680,101)
 INTO credit_card(Card_Num,Security_Code,Network,Interest,Balance,Credit_Score,Customer_ID) VALUES ('3001123412341234',119,'Amex','13%',333.33,710,101)
 INTO credit_card(Card_Num,Security_Code,Network,Interest,Balance,Credit_Score,Customer_ID) VALUES ('4002123412341234',120,'Visa','14%',1555.55,730,101)
 INTO credit_card(Card_Num,Security_Code,Network,Interest,Balance,Credit_Score,Customer_ID) VALUES ('5002123412341234',121,'Mastercard','17%',2450,750,102)
 INTO credit_card(Card_Num,Security_Code,Network,Interest,Balance,Credit_Score,Customer_ID) VALUES ('6002123412341234',122,'Discover','19%',1020.1,660,105)
 INTO credit_card(Card_Num,Security_Code,Network,Interest,Balance,Credit_Score,Customer_ID) VALUES ('3002123412341234',123,'Amex','15%',2099.99,720,106)
 INTO credit_card(Card_Num,Security_Code,Network,Interest,Balance,Credit_Score,Customer_ID) VALUES ('4111111111111112',124,'Visa','13%',1299,735,109)
 INTO credit_card(Card_Num,Security_Code,Network,Interest,Balance,Credit_Score,Customer_ID) VALUES ('5555555555554445',125,'Mastercard','16%',880.8,695,109)
 INTO credit_card(Card_Num,Security_Code,Network,Interest,Balance,Credit_Score,Customer_ID) VALUES ('6011111111111118',126,'Discover','20%',3400,710,110)
 INTO credit_card(Card_Num,Security_Code,Network,Interest,Balance,Credit_Score,Customer_ID) VALUES ('3782822463100051',127,'Amex','12%',1250.25,740,111)
 INTO credit_card(Card_Num,Security_Code,Network,Interest,Balance,Credit_Score,Customer_ID) VALUES ('4007000000028123',128,'Visa','18%',1400,705,111)
 INTO credit_card(Card_Num,Security_Code,Network,Interest,Balance,Credit_Score,Customer_ID) VALUES ('4012888888881882',129,'Visa','15%',1900,690,103)
 INTO credit_card(Card_Num,Security_Code,Network,Interest,Balance,Credit_Score,Customer_ID) VALUES ('5105105105105101',130,'Mastercard','17%',500,685,108)
 INTO credit_card(Card_Num,Security_Code,Network,Interest,Balance,Credit_Score,Customer_ID) VALUES ('6011000990139425',131,'Discover','19%',950,700,107)
 INTO credit_card(Card_Num,Security_Code,Network,Interest,Balance,Credit_Score,Customer_ID) VALUES ('3530111333300001',132,'JCB','14%',770,720,107)
 INTO credit_card(Card_Num,Security_Code,Network,Interest,Balance,Credit_Score,Customer_ID) VALUES ('3566002020360506',133,'JCB','15%',660,730,107)
 INTO credit_card(Card_Num,Security_Code,Network,Interest,Balance,Credit_Score,Customer_ID) VALUES ('4000123412341235',134,'Visa','13%',199.99,695,115)
 INTO credit_card(Card_Num,Security_Code,Network,Interest,Balance,Credit_Score,Customer_ID) VALUES ('5000123412341235',135,'Mastercard','16%',1499.99,705,101)
 INTO credit_card(Card_Num,Security_Code,Network,Interest,Balance,Credit_Score,Customer_ID) VALUES ('6000123412341235',136,'Discover','18%',2100,715,106)
 INTO credit_card(Card_Num,Security_Code,Network,Interest,Balance,Credit_Score,Customer_ID) VALUES ('3000123412341235',137,'Amex','14%',1800,725,109)
 INTO credit_card(Card_Num,Security_Code,Network,Interest,Balance,Credit_Score,Customer_ID) VALUES ('4001123412341235',138,'Visa','19%',2700,735,104)
 INTO credit_card(Card_Num,Security_Code,Network,Interest,Balance,Credit_Score,Customer_ID) VALUES ('5001123412341235',139,'Mastercard','17%',700,745,105)
 INTO credit_card(Card_Num,Security_Code,Network,Interest,Balance,Credit_Score,Customer_ID) VALUES ('6001123412341235',140,'Discover','20%',990,660,110)
 INTO credit_card(Card_Num,Security_Code,Network,Interest,Balance,Credit_Score,Customer_ID) VALUES ('3001123412341235',141,'Amex','15%',880,680,110)

SELECT 1 FROM dual;

--installment_plan
INSERT ALL
 INTO installment_plan(Plan,Interest,Duration_Days) VALUES ('PLAN_A','5%',120)
 INTO installment_plan(Plan,Interest,Duration_Days) VALUES ('PLAN_B','10%',60)
 INTO installment_plan(Plan,Interest,Duration_Days) VALUES ('PLAN_C','0%',90)
SELECT 1 FROM dual;

--Installment
INSERT INTO installment(Customer_ID,Plan) VALUES ('115','PLAN_A');
INSERT INTO installment(Customer_ID,Plan) VALUES ('101','PLAN_B');
INSERT INTO installment(Customer_ID,Plan) VALUES ('109','PLAN_C');
INSERT INTO installment(Customer_ID,Plan) VALUES ('114','PLAN_A');

--bank_purchase
INSERT INTO bank_purchase (Transaction_ID, Account_ID)VALUES (4, 2);
INSERT INTO bank_purchase (Transaction_ID, Account_ID)VALUES (5, 2);
INSERT INTO bank_purchase (Transaction_ID, Account_ID)VALUES (6, 3);
INSERT INTO bank_purchase (Transaction_ID, Account_ID)VALUES (7, 4);
INSERT INTO bank_purchase (Transaction_ID, Account_ID)VALUES (8, 5);
INSERT INTO bank_purchase (Transaction_ID, Account_ID)VALUES (11, 6);
INSERT INTO bank_purchase (Transaction_ID, Account_ID)VALUES (12, 7);
INSERT INTO bank_purchase (Transaction_ID, Account_ID)VALUES (13, 1);
INSERT INTO bank_purchase (Transaction_ID, Account_ID)VALUES (15, 5);


--credit_card_purchase
INSERT ALL
 INTO credit_card_purchase(Transaction_ID,Fee_Amount,Card_Num) VALUES (1,0.5,'4111111111111111')
 INTO credit_card_purchase(Transaction_ID,Fee_Amount,Card_Num) VALUES (2,2,'5555555555554444')
 INTO credit_card_purchase(Transaction_ID,Fee_Amount,Card_Num) VALUES (3,1.25,'4111111111111111')
 INTO credit_card_purchase(Transaction_ID,Fee_Amount,Card_Num) VALUES (9,0.75,'4012888888881881')
 INTO credit_card_purchase(Transaction_ID,Fee_Amount,Card_Num) VALUES (10,3.5,'4001123412341234')
SELECT 1 FROM dual;

--
INSERT ALL
    INTO installment_purchase(Transaction_ID,Installment_ID,Plan) VALUES (14, 1, 'PLAN_A')
SELECT 1 FROM dual;

